{
	"files": [

	],
	"folders": {
		"Characters": {
			"files": [
				"character-1647281645.json",
				"character-1649096936.json",
				"character-1649211260.json",
				"character-1649715886.json",
				"character-1649715990.json"
			],
			"folders": {

			},
			"metadata": {
				"color": null,
				"folded": false
			}
		},
		"Definitions": {
			"files": [

			],
			"folders": {

			},
			"metadata": {
				"color": null,
				"folded": false
			}
		},
		"Themes": {
			"files": [
				"default-theme.cfg"
			],
			"folders": {

			},
			"metadata": {
				"color": null,
				"folded": false
			}
		},
		"Timelines": {
			"files": [
				"timeline-1647529298.json",
				"timeline-1647281660.json",
				"timeline-1647529291.json",
				"timeline-1648661817.json",
				"timeline-1648778200.json",
				"timeline-1648778396.json",
				"timeline-1649097070.json",
				"timeline-1649783423.json"
			],
			"folders": {

			},
			"metadata": {
				"color": null,
				"folded": false
			}
		}
	}
}
