{
	"events": [
		{
			"action": "join",
			"character": "character-1647281645.json",
			"event_id": "dialogic_002",
			"mirror": false,
			"portrait": "",
			"position": {
				"0": false,
				"1": false,
				"2": true,
				"3": false,
				"4": false
			}
		},
		{
			"character": "character-1647281645.json",
			"event_id": "dialogic_001",
			"portrait": "",
			"text": "Agora que você coletou os itens, é bom eu te contar sobre pra que eles servem!"
		},
		{
			"action": "leaveall",
			"character": "[All]",
			"event_id": "dialogic_003"
		},
		{
			"action": "join",
			"character": "character-1649715990.json",
			"event_id": "dialogic_002",
			"mirror": false,
			"portrait": "",
			"position": {
				"0": false,
				"1": false,
				"2": true,
				"3": false,
				"4": false
			}
		},
		{
			"character": "character-1649715990.json",
			"event_id": "dialogic_001",
			"portrait": "",
			"text": "A carcaça de metal serve para proteger os componentes internos do braço robótico e torná-lo resistente, e isso também serve para o restante de um robô, da cabeça aos pés!"
		},
		{
			"action": "leaveall",
			"character": "[All]",
			"event_id": "dialogic_003"
		},
		{
			"action": "join",
			"character": "character-1649096936.json",
			"event_id": "dialogic_002",
			"mirror": false,
			"portrait": "mechanicalHand",
			"position": {
				"0": false,
				"1": false,
				"2": true,
				"3": false,
				"4": false
			}
		},
		{
			"character": "character-1649096936.json",
			"event_id": "dialogic_001",
			"portrait": "mechanicalHand",
			"text": "A mão mecânica é de metal, fios de cobre e outros materiais que fazem essa mão mexer os dedos, para dar ao robô a função de agarrar, segurar objetos e ter precisão em… arremessar coisas, se precisar!"
		},
		{
			"action": "leaveall",
			"character": "[All]",
			"event_id": "dialogic_003"
		},
		{
			"action": "join",
			"character": "character-1649211260.json",
			"event_id": "dialogic_002",
			"mirror": false,
			"portrait": "",
			"position": {
				"0": false,
				"1": false,
				"2": true,
				"3": false,
				"4": false
			}
		},
		{
			"character": "character-1649211260.json",
			"event_id": "dialogic_001",
			"portrait": "",
			"text": "O sensor é um hardware que pode ter diversas utilizadas como identificar distância, movimentos e etc."
		},
		{
			"action": "leaveall",
			"character": "[All]",
			"event_id": "dialogic_003"
		},
		{
			"action": "join",
			"character": "character-1649715886.json",
			"event_id": "dialogic_002",
			"mirror": false,
			"portrait": "",
			"position": {
				"0": false,
				"1": false,
				"2": true,
				"3": false,
				"4": false
			}
		},
		{
			"character": "character-1649715886.json",
			"event_id": "dialogic_001",
			"portrait": "",
			"text": "O eixo cilíndrico é um cilindro de ferro que permite a dobra do cotovelo e o giro do pulso do braço robótico, para dar flexibilidade a essas regiões desse protótipo de braço."
		},
		{
			"action": "leaveall",
			"character": "[All]",
			"event_id": "dialogic_003"
		},
		{
			"event_id": "dialogic_022",
			"transition_duration": 1
		}
	],
	"metadata": {
		"dialogic-version": "1.3",
		"file": "timeline-1647529298.json",
		"name": "timeline-6"
	}
}
