{
	"events": [
		{
			"action": "join",
			"character": "character-1647281645.json",
			"event_id": "dialogic_002",
			"mirror": false,
			"portrait": "",
			"position": {
				"0": false,
				"1": false,
				"2": true,
				"3": false,
				"4": false
			}
		},
		{
			"character": "character-1647281645.json",
			"event_id": "dialogic_001",
			"portrait": "",
			"text": "Bem vindo ao laboratório de robótica!"
		},
		{
			"character": "character-1647281645.json",
			"event_id": "dialogic_001",
			"portrait": "",
			"text": "Eu estava entregando um robô para um cliente, contudo durante o caminho algumas peças caíram :("
		},
		{
			"character": "character-1647281645.json",
			"event_id": "dialogic_001",
			"portrait": "",
			"text": "Sua missão é captura-las pra mim, elas são uma carcaça de metal, um sensor, uma mão mecânica e um eixo cilíndrico."
		},
		{
			"character": "character-1647281645.json",
			"event_id": "dialogic_001",
			"portrait": "",
			"text": "Volte quando obter todas as peças. Boa sorte!"
		},
		{
			"event_id": "dialogic_022",
			"transition_duration": 1
		}
	],
	"metadata": {
		"dialogic-version": "1.3",
		"file": "timeline-1647529291.json",
		"name": "timeline-5"
	}
}
